k,mse,rmse
1.0,0.04,0.2
3.0,0.03333333333333333,0.18257418583505536
5.0,0.026666666666666665,0.1632993161855452
7.0,0.02,0.1414213562373095
10.0,0.02,0.1414213562373095
