k,mse,rmse
1.0,0.04,0.2
3.0,0.04,0.2
5.0,0.03333333333333333,0.18257418583505536
7.0,0.03333333333333333,0.18257418583505536
10.0,0.03333333333333333,0.18257418583505536
