k,mse,rmse
,0.03333333333333333,0.18257418583505536
